{
    "hist_loss": [
        0.3062742839094068,
        0.10641684331854837,
        0.027132462429218605,
        0.023970313003805817,
        0.020933672248340043,
        0.018212989021520146,
        0.015933398242856636,
        0.014267307910762849,
        0.013163909829053723,
        0.012416334450244903,
        0.011820309694673195,
        0.011461672406704699,
        0.011148402436834867,
        0.010933290763956601,
        0.010668434764518113,
        0.010535428172252217,
        0.010361836435364894,
        0.010233340864298774,
        0.010104289797485852,
        0.010008459550435425,
        0.009904168301918467,
        0.00980714034350192,
        0.00973557597789608,
        0.009642412721133623,
        0.009567853344268486,
        0.00947909242794162,
        0.00938059970980785,
        0.009289106091514962,
        0.009250754728669026,
        0.009210874347901734,
        0.009177998221311413,
        0.009154737801825415,
        0.009129425614583688,
        0.009101211145275928,
        0.009086441163156853,
        0.00906355405440096,
        0.009042095722722226,
        0.009007554989857752,
        0.009004616590796924,
        0.008977647467714841,
        0.008970250897720211,
        0.008961523263180842,
        0.008935352500344886,
        0.008932660300223555,
        0.008922168465911364,
        0.00889739951149362,
        0.008888795177956096,
        0.008873672685662254,
        0.008852820855672242,
        0.008839033690632367
    ],
    "hist_val_loss": [
        0.07808648755675868,
        0.018456039731560448,
        0.03785395969142798,
        0.11319437173576008,
        0.12261863692328032,
        0.07037160388733212,
        0.010074172425366606,
        0.008951903690361543,
        0.39468112515534465,
        0.008043857755116847,
        0.007783808998069783,
        0.00762496696340169,
        0.06663354431931306,
        0.007520345642951578,
        0.13451222309216795,
        0.38258703408936257,
        0.06506230730397498,
        0.04049755644943068,
        0.01124787237495184,
        0.007920053493427602,
        0.09946498639791118,
        0.00754215903504778,
        0.007503294747941166,
        0.00788016119210223,
        0.3591482437815261,
        0.015490036118428717,
        0.012422750330707322,
        0.00886391400008911,
        0.00865745050493281,
        0.009021647214165584,
        0.00945588220514146,
        0.009299309060791967,
        0.009332983886544039,
        0.008776663523544425,
        0.0087556248787142,
        0.008501980906194037,
        0.009272418674911081,
        0.009711120126821734,
        0.009395828199109085,
        0.009261449433199549,
        0.00884558816972049,
        0.00969118087624128,
        0.00943335052956695,
        0.011090036130958965,
        0.011567694515834453,
        0.010912653933531842,
        0.009640581344031854,
        0.009435493084281562,
        0.009432013663142799,
        0.009446486770382777
    ]
}